source_id,page,category,requirement_id,architecture_component,database_entity_step1,service,agent,event,api,test,implementation_status,canonical_component,architecture_document,adr_id,architecture_status,implementation_phase,database_domain,database_entity,contract,schema,data_policy,ingestion_component,ingestion_entity,implementation_reference,test_reference,step3_implementation_status
SRC-000001,1,SOURCE_WORKFLOW,REQ-000002;REQ-000030,Bidding Pipeline (System B),,,Sanitizer,,,,not_started,Security/Sanitization (recon variant),subsystems.md;security.md,,COMPOSITE_MAPPING (HISTORICAL_ONLY-for-B;INTERPRETATION-for-A),15,SECURITY,security_event;content_sanitization_result,N/A (System B),N/A,UNMAPPED_DATA_REQUIREMENT-for-A,N/A,N/A,N/A,N/A,NOT_YET_IMPLEMENTED (out of Step 3 ingestion scope)
SRC-000002,1,USER_REQUIREMENT,REQ-000001,System Boundary,,,,,,,not_started,System Boundaries,system-boundaries.md,ADR-0001,DIRECT_MAPPING,1,N/A,N/A,N/A,N/A,N/A (scoping decision; not data),N/A,N/A,N/A,N/A,NOT_YET_IMPLEMENTED (out of Step 3 ingestion scope)
SRC-000003,1,AI_PROPOSAL,REQ-000002,Bidding Pipeline (System B),,,,,,,not_started,Bidding Pipeline,system-boundaries.md,,HISTORICAL_ONLY,N/A,N/A,N/A,N/A,N/A,N/A,N/A,N/A,N/A,N/A,NOT_YET_IMPLEMENTED (out of Step 3 ingestion scope)
SRC-000004,1,SOURCE_WORKFLOW,REQ-000003,Learning Loop,,,Strategist,,,,not_started,Memory/RAG,memory.md,,HISTORICAL_ONLY,N/A,MEMORY,memory_item;memory_source,N/A (System B),N/A,DERIVED_REBUILDABLE,N/A,N/A,N/A,N/A,NOT_YET_IMPLEMENTED (out of Step 3 ingestion scope)
SRC-000005,2,SOURCE_WORKFLOW,REQ-000002;REQ-000031,Bidding Pipeline (System B),,,Writer;Reviewer,,,,not_started,Bidding Pipeline,system-boundaries.md,,HISTORICAL_ONLY,N/A,N/A,N/A,N/A,N/A,N/A,N/A,N/A,N/A,N/A,NOT_YET_IMPLEMENTED (out of Step 3 ingestion scope)
SRC-000006,2,SOURCE_STRATEGY,REQ-000004,Strategist Policy,,,Strategist,,,,not_started,Strategy Learning,strategy-learning.md,,COMPOSITE_MAPPING,14,STRATEGY,strategy;strategy_version,strategy.md,N/A,LONG_TERM,N/A,N/A,N/A,N/A,"NOT_YET_IMPLEMENTED (System B / analytics, out of Step 3 scope)"
SRC-000007,2,SOURCE_SCHEMA,REQ-000005,,Strategy Ledger,,,,,,not_started,Strategy Learning,strategy-learning.md,,COMPOSITE_MAPPING,14,STRATEGY,strategy_ledger,strategy.md,N/A,MUST_PRESERVE,N/A,N/A,N/A,N/A,"NOT_YET_IMPLEMENTED (System B / analytics, out of Step 3 scope)"
SRC-000008,2,USER_REQUIREMENT,REQ-000006,System Boundary,,,,,,,not_started,Manufacturing Boundary,manufacturing-boundary.md,,DIRECT_MAPPING,1,N/A,N/A,N/A,N/A,N/A,N/A,N/A,N/A,N/A,"NOT_YET_IMPLEMENTED (System C / intelligence classification, out of Step 3 scope)"
SRC-000009,2,AI_PROPOSAL,REQ-000009,Recon Engine,,,,,,,not_started,Lead Ingestion,subsystems.md,,COMPOSITE_MAPPING,4,RAW,raw_record,N/A,N/A,MUST_PRESERVE (UNDECIDED duration),Raw Record Store,RawRecord;IngestionItem;IngestionRun,src/raw/models.py;src/raw/store.py;src/ingestion/engine.py,tests/raw/test_round_trip.py;tests/test_data_loss.py;tests/ingestion/test_engine_pipeline.py,IMPLEMENTED
SRC-000010,3,SOURCE_SCHEMA,REQ-000007,,EngineeringJobSpec,,,,,,not_started,Technical Classification,data-domains.md,,DIRECT_MAPPING,6,TECHNICAL,technical_classification,lead.md (technical_specifications),lead.v1.schema.json,MUST_PRESERVE,N/A,N/A,N/A,N/A,NOT_YET_IMPLEMENTED (out of Step 3 ingestion scope)
SRC-000011,3,SOURCE_SCHEMA,REQ-000007,,ManufacturingDomain,,,,,,not_started,Technical Classification,manufacturing-boundary.md,,DIRECT_MAPPING,6,TECHNICAL,manufacturing_domain_definition,lead.md,lead.v1.schema.json,MUST_PRESERVE,N/A,N/A,N/A,N/A,NOT_YET_IMPLEMENTED (out of Step 3 ingestion scope)
SRC-000012,3,SOURCE_STRATEGY,REQ-000008,Recon Engine,,,,,,,not_started,Deterministic Triage,subsystems.md,,DIRECT_MAPPING,5,RAW,raw_record (security_status),N/A,N/A,CONFIGURABLE,Raw Record Store,RawRecord;IngestionItem;IngestionRun,src/raw/models.py;src/raw/store.py;src/ingestion/engine.py,tests/raw/test_round_trip.py;tests/test_data_loss.py;tests/ingestion/test_engine_pipeline.py,IMPLEMENTED
SRC-000013,4,SOURCE_SCHEMA,REQ-000009,Recon Engine,,,,,,,not_started,Lead Ingestion,subsystems.md,,COMPOSITE_MAPPING,4,RAW,raw_record,N/A,N/A,MUST_PRESERVE (UNDECIDED duration),Raw Record Store,RawRecord;IngestionItem;IngestionRun,src/raw/models.py;src/raw/store.py;src/ingestion/engine.py,tests/raw/test_round_trip.py;tests/test_data_loss.py;tests/ingestion/test_engine_pipeline.py,IMPLEMENTED
SRC-000014,4,AI_PROPOSAL,,,,,,,,,not_started,Source Registry,subsystems.md,,DIRECT_MAPPING,8,LEAD,platform,platform.md,N/A,MUST_PRESERVE,Ingestion Engine (lead-candidate observation),Observation,src/observations/models.py;src/ingestion/lead_candidate.py;src/schemas/detection.py,tests/ingestion/test_engine_pipeline.py;tests/observations/test_normalizer.py,PARTIAL -- CANONICAL_LEAD_SCHEMA_DEFERRED (Step 3 Section 23)
SRC-000015,4,SOURCE_PLATFORM,,,Platform,,,,,,not_started,Platform Intelligence,subsystems.md,,DIRECT_MAPPING,8,LEAD,platform,platform.md,N/A,MUST_PRESERVE,Source Registry,Source;SourceVersion;SourcePolicy,src/sources/models.py;src/sources/registry.py,tests/sources/test_registry.py,IMPLEMENTED
SRC-000016,5,SOURCE_STRATEGY,,,,,,,,,not_started,Strategy Intelligence,subsystems.md,,DIRECT_MAPPING,14,STRATEGY,strategy,strategy.md,N/A,LONG_TERM,N/A,N/A,N/A,N/A,"NOT_YET_IMPLEMENTED (System B / analytics, out of Step 3 scope)"
SRC-000017,5,USER_REQUIREMENT,REQ-000010,System Boundary,,,,,,,not_started,Channel Intelligence,subsystems.md,,DIRECT_MAPPING,8,LEAD,macro_channel,platform.md,N/A,MUST_PRESERVE,Source Registry,Source;SourceVersion;SourcePolicy,src/sources/models.py;src/sources/registry.py,tests/sources/test_registry.py,IMPLEMENTED
SRC-000018,5,AI_PROPOSAL,REQ-000010,,,,,,,,not_started,Channel Intelligence,subsystems.md,,DIRECT_MAPPING,8,LEAD,macro_channel,platform.md,N/A,MUST_PRESERVE,Source Registry,Source;SourceVersion;SourcePolicy,src/sources/models.py;src/sources/registry.py,tests/sources/test_registry.py,IMPLEMENTED
SRC-000019,6,USER_REQUIREMENT,REQ-000010,,,,,,,,not_started,Channel Intelligence,subsystems.md,,DIRECT_MAPPING,8,LEAD,macro_channel,platform.md,N/A,MUST_PRESERVE,Source Registry,Source;SourceVersion;SourcePolicy,src/sources/models.py;src/sources/registry.py,tests/sources/test_registry.py,IMPLEMENTED
SRC-000020,6,AI_PROPOSAL,REQ-000010,,,,,,,,not_started,Channel Intelligence,subsystems.md,,DIRECT_MAPPING,8,LEAD,macro_channel,platform.md,N/A,MUST_PRESERVE,Source Registry,Source;SourceVersion;SourcePolicy,src/sources/models.py;src/sources/registry.py,tests/sources/test_registry.py,IMPLEMENTED
SRC-000021,6,SOURCE_PLATFORM,,,Platform,,,,,,not_started,Platform Intelligence,subsystems.md,,DIRECT_MAPPING,8,LEAD,platform,platform.md,N/A,MUST_PRESERVE,Source Registry,Source;SourceVersion;SourcePolicy,src/sources/models.py;src/sources/registry.py,tests/sources/test_registry.py,IMPLEMENTED
SRC-000022,6,SOURCE_PLATFORM,,,Platform,,,,,,not_started,Platform Intelligence,subsystems.md,,DIRECT_MAPPING,8,LEAD,platform,platform.md,N/A,MUST_PRESERVE,Source Registry,Source;SourceVersion;SourcePolicy,src/sources/models.py;src/sources/registry.py,tests/sources/test_registry.py,IMPLEMENTED
SRC-000023,7,SOURCE_METRIC,,,Lead Source Category,,,,,,not_started,Channel Intelligence,subsystems.md,,DIRECT_MAPPING,8,LEAD,macro_channel,platform.md,N/A,MUST_PRESERVE,Source Registry,Source;SourceVersion;SourcePolicy,src/sources/models.py;src/sources/registry.py,tests/sources/test_registry.py,IMPLEMENTED
SRC-000024,7,USER_REQUIREMENT,REQ-000011,Taxonomy,,,,,,,not_started,Client+Channel+Platform Taxonomy,canonical-architecture.md,,COMPOSITE_MAPPING,1,CLIENT;LEAD,client_archetype;macro_channel;platform,client.md;platform.md,client.v1.schema.json,MUST_PRESERVE,Source Registry,Source;SourceVersion;SourcePolicy,src/sources/models.py;src/sources/registry.py,tests/sources/test_registry.py,IMPLEMENTED
SRC-000025,7,SOURCE_WORKFLOW,REQ-000011,Taxonomy,,,,,,,not_started,Client Intelligence,client-intelligence-model.md,,COMPOSITE_MAPPING,6,CLIENT,client_archetype_version (Set B),client.md,client.v1.schema.json,MUST_PRESERVE,N/A,N/A,N/A,N/A,NOT_YET_IMPLEMENTED (out of Step 3 ingestion scope)
SRC-000026,8,SOURCE_WORKFLOW,REQ-000011,Taxonomy,,,,,,,not_started,Client+Channel Taxonomy,source-concept-mapping.md,,COMPOSITE_MAPPING,1,CLIENT;LEAD,client_archetype_version;macro_channel,client.md;platform.md,N/A,MUST_PRESERVE,Source Registry,Source;SourceVersion;SourcePolicy,src/sources/models.py;src/sources/registry.py,tests/sources/test_registry.py,IMPLEMENTED
SRC-000027,8,USER_REQUIREMENT,REQ-000012,System Boundary,,,,,,,not_started,System Boundaries,system-boundaries.md,ADR-0001,DIRECT_MAPPING,1,N/A,N/A,N/A,N/A,N/A,N/A,N/A,N/A,N/A,NOT_YET_IMPLEMENTED (out of Step 3 ingestion scope)
SRC-000028,8,SOURCE_FACT,,,IECHM Capability Profile,,,,,,not_started,Manufacturing Boundary,manufacturing-boundary.md,,DIRECT_MAPPING,1,MANUFACTURING,manufacturing_capability_reference,N/A,N/A,MUST_PRESERVE,N/A,N/A,N/A,N/A,"NOT_YET_IMPLEMENTED (System C / intelligence classification, out of Step 3 scope)"
SRC-000029,9,SOURCE_CLIENT_ARCHETYPE,REQ-000013,Client Classification,Client Archetype,,,,,,not_started,Client Intelligence,client-intelligence-model.md,,COMPOSITE_MAPPING,6,CLIENT,client_archetype_version (Set A),client.md,client.v1.schema.json,MUST_PRESERVE,N/A,N/A,N/A,N/A,NOT_YET_IMPLEMENTED (out of Step 3 ingestion scope)
SRC-000030,9,SOURCE_PLATFORM,,,Lead Source Category,,,,,,not_started,Channel Intelligence,canonical-architecture.md,,DIRECT_MAPPING,8,LEAD,macro_channel,platform.md,N/A,MUST_PRESERVE,Source Registry,Source;SourceVersion;SourcePolicy,src/sources/models.py;src/sources/registry.py,tests/sources/test_registry.py,IMPLEMENTED
SRC-000031,10,SOURCE_METRIC,,,Lead Source x Platform Matrix,,,,,,not_started,Platform Intelligence,subsystems.md,,DIRECT_MAPPING,8,LEAD,platform,platform.md,N/A,MUST_PRESERVE,Source Registry,Source;SourceVersion;SourcePolicy,src/sources/models.py;src/sources/registry.py,tests/sources/test_registry.py,IMPLEMENTED
SRC-000032,10,SOURCE_SCHEMA,REQ-000014,,Lead Entity (v0/SCHEMA-002),,,,,,not_started,Data Domains (LEAD),schema-versioning.md,ADR-0004,DIRECT_MAPPING,2,LEAD,lead_version (schema_id=SCHEMA-002),lead.md,lead.v1.schema.json,MUST_PRESERVE,Ingestion Engine (lead-candidate observation),Observation,src/observations/models.py;src/ingestion/lead_candidate.py;src/schemas/detection.py,tests/ingestion/test_engine_pipeline.py;tests/observations/test_normalizer.py,PARTIAL -- CANONICAL_LEAD_SCHEMA_DEFERRED (Step 3 Section 23)
SRC-000033,11,USER_REQUIREMENT,REQ-000015,Agent Hierarchy,,,,,,,not_started,Agent Topology,agent-topology.md,,DIRECT_MAPPING,9,AGENT,agent;agent_instance,agent.md,N/A,MUST_PRESERVE,N/A,N/A,N/A,N/A,"NOT_YET_IMPLEMENTED (out of Step 3 scope -- deterministic ingestion only, Section 58)"
SRC-000034,11,SOURCE_WORKFLOW,REQ-000016,Client Classification,Client Profile,,,,,,not_started,Evidence Management,evidence-model.md,,COMPOSITE_MAPPING,7,EVIDENCE,evidence,evidence.md,evidence.v1.schema.json,MUST_PRESERVE,Security/Schema Inspection (evidence-adjacent),SecurityAnalysisResult,src/security/inspector.py,tests/security/test_security.py,"PARTIAL -- claim/evidence/verification entities not yet implemented as code, only ingestion-side security analysis"
SRC-000035,12,SOURCE_WORKFLOW,REQ-000017,Channel/Platform Profiles,Channel Profile;Platform Profile,,,,,,not_started,Channel+Platform Intelligence,subsystems.md,,DIRECT_MAPPING,8,LEAD,platform_version;subdomain,platform.md;subdomain.md,N/A,MUST_PRESERVE,Source Registry,Source;SourceVersion;SourcePolicy,src/sources/models.py;src/sources/registry.py,tests/sources/test_registry.py,IMPLEMENTED
SRC-000036,12,SOURCE_THRESHOLD,REQ-000015,Dynamic Spawn Engine,,,,,,,not_started,Dynamic Worker Scaling,dynamic-worker-scaling.md,,DIRECT_MAPPING,10,LEAD;AGENT,subdomain;worker,subdomain.md;worker.md,N/A,MUST_PRESERVE (thresholds),Ingestion Engine (lead-candidate observation),Observation,src/observations/models.py;src/ingestion/lead_candidate.py;src/schemas/detection.py,tests/ingestion/test_engine_pipeline.py;tests/observations/test_normalizer.py,PARTIAL -- CANONICAL_LEAD_SCHEMA_DEFERRED (Step 3 Section 23)
SRC-000037,13,USER_REQUIREMENT,REQ-000018,Resilience Plane,,,Hallucination Sentinel;Telemetry Optimizer,,,,not_started,Sentinel+BlueGreen+Context Migration+Metric Evolution,sentinel-plane.md;blue-green-updates.md;context-migration.md;metric-evolution.md,ADR-0005;ADR-0006;ADR-0008,COMPOSITE_MAPPING,11;12;13,SENTINEL;AGENT;METRIC,sentinel_check;agent_state;metric_proposal,agent.md;metric.md,N/A,MUST_PRESERVE,N/A,N/A,N/A,N/A,"NOT_YET_IMPLEMENTED (out of Step 3 scope -- deterministic ingestion only, Section 58)"
SRC-000038,14,SOURCE_WORKFLOW,REQ-000015,Agent Hierarchy,,,,,,,not_started,Canonical Architecture (Layer 0-4),canonical-architecture.md,ADR-0002,DIRECT_MAPPING,1,N/A,N/A,N/A,N/A,N/A (naming convention),N/A,N/A,N/A,N/A,NOT_YET_IMPLEMENTED (out of Step 3 ingestion scope)
SRC-000039,14,SOURCE_SECURITY_RULE,REQ-000019,Resilience Plane,,,Hallucination Sentinel,,,,not_started,Sentinel Plane,sentinel-plane.md,ADR-0008,DIRECT_MAPPING,11,VERIFICATION;SENTINEL,verification;sentinel_check,verification.md,N/A,MUST_PRESERVE,N/A,N/A,N/A,N/A,"NOT_YET_IMPLEMENTED (out of Step 3 scope -- deterministic ingestion only, Section 58)"
SRC-000040,14,SOURCE_SCHEMA,REQ-000014,,Lead Entity (v1/SCHEMA-003),,,,,,not_started,Data Domains (LEAD),schema-versioning.md,ADR-0004,DIRECT_MAPPING,2,LEAD,lead_version (schema_id=SCHEMA-003),lead.md,lead.v1.schema.json,MUST_PRESERVE,Ingestion Engine (lead-candidate observation),Observation,src/observations/models.py;src/ingestion/lead_candidate.py;src/schemas/detection.py,tests/ingestion/test_engine_pipeline.py;tests/observations/test_normalizer.py,PARTIAL -- CANONICAL_LEAD_SCHEMA_DEFERRED (Step 3 Section 23)
SRC-000041,15,SOURCE_SCHEMA,,,Node Telemetry (v1/SCHEMA-004),,,FAILOVER_HOTSWAP_TRIGGERED,,,not_started,Hot-Swap,hot-swap.md;events.md,ADR-0004,DIRECT_MAPPING,12,AUDIT,event (event_type=FAILOVER_HOTSWAP_TRIGGERED),event.md,event-envelope.v1.schema.json,MUST_PRESERVE,Event Log,Event,src/common/events.py,tests/ingestion/test_idempotency_and_failures.py,PARTIAL -- generic immutable EventLog implemented; the specific CEASE_OPERATIONS/hot-swap semantics are not (Sentinel Plane out of Step 3 scope)
SRC-000042,15,USER_REQUIREMENT,REQ-000033,Cost Model,,,,,,,not_started,Economic Model,economic-model.md,,DIRECT_MAPPING,N/A,ECONOMICS,scenario,scenario.md,scenario.v1.schema.json,MUST_PRESERVE,N/A,N/A,N/A,N/A,"NOT_YET_IMPLEMENTED (System B / analytics, out of Step 3 scope)"
SRC-000043,16,SOURCE_ESTIMATE,REQ-000033,Cost Model,,,,,,,not_started,Scaling Scenarios (freelance-narrow),scaling-scenarios.md,ADR-0007,DIRECT_MAPPING,N/A,ECONOMICS,scenario,scenario.md,scenario.v1.schema.json,MUST_PRESERVE,N/A,N/A,N/A,N/A,"NOT_YET_IMPLEMENTED (System B / analytics, out of Step 3 scope)"
SRC-000044,16,SOURCE_ESTIMATE,REQ-000033,Cost Model,,,,,,,not_started,Scaling Scenarios (freelance-narrow),scaling-scenarios.md,ADR-0007,DIRECT_MAPPING,N/A,ECONOMICS,scenario,scenario.md,scenario.v1.schema.json,MUST_PRESERVE,N/A,N/A,N/A,N/A,"NOT_YET_IMPLEMENTED (System B / analytics, out of Step 3 scope)"
SRC-000045,16,SOURCE_ESTIMATE,REQ-000033,Cost Model,,,,,,,not_started,Scaling Scenarios (freelance-narrow),scaling-scenarios.md;conflicts/CONFLICT-002.md,ADR-0007,DIRECT_MAPPING,N/A,ECONOMICS,scenario,scenario.md,scenario.v1.schema.json,MUST_PRESERVE,N/A,N/A,N/A,N/A,"NOT_YET_IMPLEMENTED (System B / analytics, out of Step 3 scope)"
SRC-000046,17,USER_REQUIREMENT,,Economic Model,,,,,,,not_started,Economic Model,economic-model.md,,DIRECT_MAPPING,N/A,ECONOMICS,scenario,scenario.md,scenario.v1.schema.json,MUST_PRESERVE,N/A,N/A,N/A,N/A,"NOT_YET_IMPLEMENTED (System B / analytics, out of Step 3 scope)"
SRC-000047,17,SOURCE_ESTIMATE,,Economic Model,,,,,,,not_started,Economic Model,economic-model.md,,DIRECT_MAPPING,N/A,ECONOMICS,scenario,scenario.md,scenario.v1.schema.json,MUST_PRESERVE,N/A,N/A,N/A,N/A,"NOT_YET_IMPLEMENTED (System B / analytics, out of Step 3 scope)"
SRC-000048,18,USER_REQUIREMENT,,Economic Model,,,,,,,not_started,conflicts/CONFLICT-001,conflicts/CONFLICT-001.md,,UNRESOLVED,N/A,CONFLICT,conflict (CONFLICT-001),conflict.md,conflict.v1.schema.json,MUST_PRESERVE,N/A,N/A,N/A,N/A,"NOT_YET_IMPLEMENTED (System B / analytics, out of Step 3 scope)"
SRC-000049,18,SOURCE_METRIC,,,Conversion Funnel,,,,,,not_started,Economic Model,economic-model.md,,DIRECT_MAPPING,N/A,ECONOMICS,scenario,scenario.md,scenario.v1.schema.json,MUST_PRESERVE,N/A,N/A,N/A,N/A,"NOT_YET_IMPLEMENTED (System B / analytics, out of Step 3 scope)"
SRC-000050,19,USER_REQUIREMENT,REQ-000028,System Boundary,,,,,,,not_started,Scaling Scenarios (full-firehose),scaling-scenarios.md,ADR-0007,DIRECT_MAPPING,N/A,ECONOMICS,scenario,scenario.md,scenario.v1.schema.json,MUST_PRESERVE,N/A,N/A,N/A,N/A,"NOT_YET_IMPLEMENTED (System B / analytics, out of Step 3 scope)"
SRC-000051,19,SOURCE_ESTIMATE,,Economic Model,,,,,,,not_started,conflicts/CONFLICT-001,conflicts/CONFLICT-001.md,,UNRESOLVED,N/A,CONFLICT;ECONOMICS,conflict (CONFLICT-001);scenario,conflict.md;scenario.md,conflict.v1.schema.json,MUST_PRESERVE,N/A,N/A,N/A,N/A,"NOT_YET_IMPLEMENTED (System B / analytics, out of Step 3 scope)"
SRC-000052,19,SOURCE_ESTIMATE,,,Lead Composition,,,,,,not_started,conflicts/CONFLICT-005 (Client Intelligence),conflicts/CONFLICT-005.md,ADR-0003,UNRESOLVED,6,LEAD;CLIENT,manufacturing_domain (request-type axis),lead.md,lead.v1.schema.json,MUST_PRESERVE,Ingestion Engine (lead-candidate observation),Observation,src/observations/models.py;src/ingestion/lead_candidate.py;src/schemas/detection.py,tests/ingestion/test_engine_pipeline.py;tests/observations/test_normalizer.py,PARTIAL -- CANONICAL_LEAD_SCHEMA_DEFERRED (Step 3 Section 23)
SRC-000053,20,AI_PROPOSAL,REQ-000029,Layer 0 Pre-Filter,,,Layer 0 Filter,,,,not_started,Deterministic Triage,subsystems.md;canonical-architecture.md,,DIRECT_MAPPING,5,RAW,raw_record (security_status; dedup),N/A,N/A,CONFIGURABLE,Raw Record Store,RawRecord;IngestionItem;IngestionRun,src/raw/models.py;src/raw/store.py;src/ingestion/engine.py,tests/raw/test_round_trip.py;tests/test_data_loss.py;tests/ingestion/test_engine_pipeline.py,IMPLEMENTED
SRC-000054,20,SOURCE_FACT,,IECHM Facility,,,,,,,not_started,Configuration (reference data),configuration.md,,DIRECT_MAPPING,2,CONFIGURATION,configuration,configuration.md,N/A,LONG_TERM,Configuration Seed,ConfigurationSeed,src/ingestion/config_seed.py,docs/audit/threshold-preservation-audit.md,IMPLEMENTED (7 seed values)
SRC-000055,20,SOURCE_ESTIMATE,,Economic Model,,,,,,,not_started,Economic Model,economic-model.md,,HISTORICAL_ONLY,N/A,ECONOMICS,scenario,scenario.md,scenario.v1.schema.json,MUST_PRESERVE,N/A,N/A,N/A,N/A,"NOT_YET_IMPLEMENTED (System B / analytics, out of Step 3 scope)"
SRC-000056,21,SOURCE_HARDWARE_ASSUMPTION,,Universal Printer (System C),,,,,,,not_started,Manufacturing Boundary,manufacturing-boundary.md,,HISTORICAL_ONLY,N/A,ASSUMPTION,assumption (ASSUMPTION-001),N/A,N/A,MUST_PRESERVE,N/A,N/A,N/A,N/A,"NOT_YET_IMPLEMENTED (System C / intelligence classification, out of Step 3 scope)"
SRC-000057,21,SOURCE_ESTIMATE,,Economic Model,,,,,,,not_started,Economic Model,economic-model.md,,HISTORICAL_ONLY,N/A,ECONOMICS,scenario,scenario.md,scenario.v1.schema.json,MUST_PRESERVE,N/A,N/A,N/A,N/A,"NOT_YET_IMPLEMENTED (System B / analytics, out of Step 3 scope)"
SRC-000058,22,SOURCE_ESTIMATE,,Economic Model,,,,,,,not_started,Economic Model,economic-model.md,,HISTORICAL_ONLY,N/A,ECONOMICS,scenario,scenario.md,scenario.v1.schema.json,MUST_PRESERVE,N/A,N/A,N/A,N/A,"NOT_YET_IMPLEMENTED (System B / analytics, out of Step 3 scope)"
SRC-000059,22,USER_REQUIREMENT,REQ-000022,Pricing Engine,,,,,,,not_started,Economic Model,economic-model.md,,HISTORICAL_ONLY,N/A,ECONOMICS,formula (FORMULA-001),N/A,N/A,MUST_PRESERVE,N/A,N/A,N/A,N/A,"NOT_YET_IMPLEMENTED (System B / analytics, out of Step 3 scope)"
SRC-000060,22,SOURCE_METRIC,,Pricing Engine,,,,,,,not_started,Economic Model,economic-model.md,,HISTORICAL_ONLY,N/A,ECONOMICS,scenario,scenario.md,scenario.v1.schema.json,MUST_PRESERVE,N/A,N/A,N/A,N/A,"NOT_YET_IMPLEMENTED (System B / analytics, out of Step 3 scope)"
SRC-000061,23,SOURCE_STRATEGY,REQ-000024,Pricing Engine,,,,,,,not_started,Economic Model,economic-model.md,,HISTORICAL_ONLY,N/A,ECONOMICS,scenario,scenario.md,scenario.v1.schema.json,MUST_PRESERVE,N/A,N/A,N/A,N/A,"NOT_YET_IMPLEMENTED (System B / analytics, out of Step 3 scope)"
SRC-000062,23,SOURCE_STRATEGY,,Learning Loop,,,,,,,not_started,Strategy Learning,strategy-learning.md,,COMPOSITE_MAPPING,14,STRATEGY,strategy,strategy.md,N/A,LONG_TERM,N/A,N/A,N/A,N/A,"NOT_YET_IMPLEMENTED (System B / analytics, out of Step 3 scope)"
SRC-000063,23,SOURCE_ESTIMATE,,,,,,,,,not_started,Economic Model,economic-model.md,,HISTORICAL_ONLY,N/A,ECONOMICS,scenario,scenario.md,scenario.v1.schema.json,MUST_PRESERVE,N/A,N/A,N/A,N/A,"NOT_YET_IMPLEMENTED (System B / analytics, out of Step 3 scope)"
SRC-000064,23,SOURCE_HARDWARE_ASSUMPTION,,Universal Printer (System C),,,,,,,not_started,Manufacturing Boundary,manufacturing-boundary.md,,HISTORICAL_ONLY,N/A,ASSUMPTION,assumption (ASSUMPTION-002),N/A,N/A,MUST_PRESERVE,N/A,N/A,N/A,N/A,"NOT_YET_IMPLEMENTED (System C / intelligence classification, out of Step 3 scope)"
SRC-000065,24,SOURCE_STRATEGY,,Manufacturing Scaling (System C),,,,,,,not_started,Manufacturing Boundary,manufacturing-boundary.md,,HISTORICAL_ONLY,N/A,MANUFACTURING,production_request,N/A,N/A,N/A (System C),N/A,N/A,N/A,N/A,"NOT_YET_IMPLEMENTED (System C / intelligence classification, out of Step 3 scope)"
SRC-000066,24,SOURCE_WORKFLOW,REQ-000027,Hardware API Bridge (System C),,,Estimator Agent;Dispatch Agent,,,,not_started,Manufacturing Boundary,manufacturing-boundary.md;agent-topology.md,,HISTORICAL_ONLY,N/A,MANUFACTURING,production_request,N/A,N/A,N/A (System C),N/A,N/A,N/A,N/A,"NOT_YET_IMPLEMENTED (System C / intelligence classification, out of Step 3 scope)"
SRC-000067,24,SOURCE_STRATEGY,REQ-000025,Conversion Levers,,,,,,,not_started,Economic Model,economic-model.md,,HISTORICAL_ONLY,N/A,ECONOMICS,scenario,scenario.md,scenario.v1.schema.json,MUST_PRESERVE,N/A,N/A,N/A,N/A,"NOT_YET_IMPLEMENTED (System B / analytics, out of Step 3 scope)"
SRC-000068,25,SOURCE_METRIC,,Conversion Levers,,,,,,,not_started,Economic Model,economic-model.md,,HISTORICAL_ONLY,N/A,ECONOMICS,scenario,scenario.md,scenario.v1.schema.json,MUST_PRESERVE,N/A,N/A,N/A,N/A,"NOT_YET_IMPLEMENTED (System B / analytics, out of Step 3 scope)"
SRC-000069,25,SOURCE_THRESHOLD,REQ-000026,Conversion Levers,,,,,,,not_started,Economic Model,economic-model.md;events.md,,HISTORICAL_ONLY,N/A,N/A,N/A (System B reorder_signal),N/A,N/A,N/A (System B),N/A,N/A,N/A,N/A,NOT_YET_IMPLEMENTED (out of Step 3 ingestion scope)
SRC-000070,25,USER_REQUIREMENT,REQ-000032,Master Prompt,,,,,,,not_started,conflicts/CONFLICT-007,conflicts/CONFLICT-007.md,,PARTIALLY_RESOLVED,N/A,CONFLICT,conflict (CONFLICT-007),conflict.md,conflict.v1.schema.json,MUST_PRESERVE,N/A,N/A,N/A,N/A,"NOT_YET_IMPLEMENTED (System B / analytics, out of Step 3 scope)"
SRC-000071,25,SOURCE_WORKFLOW,REQ-000022,Master Prompt v1,,,,,,,not_started,Economic Model (pricing rule origin),economic-model.md,,HISTORICAL_ONLY,N/A,ECONOMICS,formula (FORMULA-001),N/A,N/A,MUST_PRESERVE,N/A,N/A,N/A,N/A,"NOT_YET_IMPLEMENTED (System B / analytics, out of Step 3 scope)"
SRC-000072,26,USER_REQUIREMENT,REQ-000032,Master Prompt,,,,,,,not_started,conflicts/CONFLICT-007,conflicts/CONFLICT-007.md,,PARTIALLY_RESOLVED,N/A,CONFLICT,conflict (CONFLICT-007),conflict.md,conflict.v1.schema.json,MUST_PRESERVE,N/A,N/A,N/A,N/A,"NOT_YET_IMPLEMENTED (System B / analytics, out of Step 3 scope)"
SRC-000073,26,SOURCE_WORKFLOW,,Master Prompt v2 / IECHM-OS,,,,,,,not_started,Canonical Architecture,canonical-architecture.md;manufacturing-boundary.md,,COMPOSITE_MAPPING,1,N/A,N/A,N/A,N/A,N/A,N/A,N/A,N/A,N/A,NOT_YET_IMPLEMENTED (out of Step 3 ingestion scope)
SRC-000074,27,SOURCE_FORMULA,REQ-000022,Pricing Engine,,,,,,,not_started,Economic Model,economic-model.md;conflicts/CONFLICT-001.md,,HISTORICAL_ONLY,N/A,ECONOMICS,formula (FORMULA-001),N/A,N/A,MUST_PRESERVE,N/A,N/A,N/A,N/A,"NOT_YET_IMPLEMENTED (System B / analytics, out of Step 3 scope)"
SRC-000075,27,SOURCE_WORKFLOW,REQ-000015,Agent Hierarchy,,,Central Director,,,,not_started,Agent Topology,agent-topology.md,,DIRECT_MAPPING,9,AGENT,agent (Central Director),agent.md,N/A,MUST_PRESERVE,N/A,N/A,N/A,N/A,"NOT_YET_IMPLEMENTED (out of Step 3 scope -- deterministic ingestion only, Section 58)"
SRC-000076,28,SOURCE_WORKFLOW,,Hardware API Bridge (System C),,,,EVENT_CONTRACT_SIGNED,,,not_started,Manufacturing Boundary,manufacturing-boundary.md;api-boundaries.md,,HISTORICAL_ONLY,N/A,N/A,N/A (System B/C event),event.md,event-envelope.v1.schema.json,N/A (System B/C),N/A,N/A,N/A,N/A,"NOT_YET_IMPLEMENTED (System C / intelligence classification, out of Step 3 scope)"
SRC-000077,28,SOURCE_FORMULA,,Resilience Plane,,,,,,,not_started,Hallucination Detection,hallucination-detection.md,,DIRECT_MAPPING (SOURCE_INCOMPLETE),11,SENTINEL,formula (FORMULA-002; SOURCE_INCOMPLETE),N/A,N/A,MUST_PRESERVE (as incomplete),N/A,N/A,N/A,N/A,"NOT_YET_IMPLEMENTED (out of Step 3 scope -- deterministic ingestion only, Section 58)"
SRC-000078,28,SOURCE_THRESHOLD,REQ-000020,Resilience Plane,,,Hot-Swap Engine,CEASE_OPERATIONS,,,not_started,Hot-Swap,hot-swap.md;events.md,,DIRECT_MAPPING,12,AGENT;AUDIT,agent_state;event (CEASE_OPERATIONS),agent.md;event.md,event-envelope.v1.schema.json,MUST_PRESERVE,N/A,N/A,N/A,N/A,"NOT_YET_IMPLEMENTED (out of Step 3 scope -- deterministic ingestion only, Section 58)"
SRC-000079,28,SOURCE_THRESHOLD,REQ-000021,Resilience Plane,,,Telemetry Optimizer,CHANNEL_DATA_SATURATED_IDLE_ACTIVE,,,not_started,Metric Evolution,metric-evolution.md;events.md,ADR-0005,DIRECT_MAPPING,13,METRIC,metric_definition;event,metric.md;event.md,event-envelope.v1.schema.json,MUST_PRESERVE,N/A,N/A,N/A,N/A,"NOT_YET_IMPLEMENTED (System B / analytics, out of Step 3 scope)"
SRC-000080,29,SOURCE_SCHEMA,REQ-000014,,Lead Entity (v2/SCHEMA-005),,,,,,not_started,Data Domains (LEAD),schema-versioning.md,ADR-0004,DIRECT_MAPPING,2,LEAD,lead_version (schema_id=SCHEMA-005);schema_registry,lead.md,lead.v1.schema.json,MUST_PRESERVE,Ingestion Engine (lead-candidate observation),Observation,src/observations/models.py;src/ingestion/lead_candidate.py;src/schemas/detection.py,tests/ingestion/test_engine_pipeline.py;tests/observations/test_normalizer.py,PARTIAL -- CANONICAL_LEAD_SCHEMA_DEFERRED (Step 3 Section 23)
SRC-000081,29,SOURCE_CONSTRAINT,,Runtime Rules,,,,,,,not_started,Economic Model+Sentinel Plane,economic-model.md;sentinel-plane.md,,COMPOSITE_MAPPING,11,ECONOMICS;SENTINEL,formula;configuration,configuration.md,N/A,MUST_PRESERVE,N/A,N/A,N/A,N/A,"NOT_YET_IMPLEMENTED (out of Step 3 scope -- deterministic ingestion only, Section 58)"
SRC-000082,29,SOURCE_SCHEMA,REQ-000023,,Telemetry Contract (v2/SCHEMA-006),,,,FAILOVER_HOTSWAP_DISPATCHED,,not_started,Hot-Swap,hot-swap.md;events.md,ADR-0004,DIRECT_MAPPING,12,AUDIT,event (event_type=FAILOVER_HOTSWAP_DISPATCHED);schema_registry,event.md,event-envelope.v1.schema.json,MUST_PRESERVE,Event Log,Event,src/common/events.py,tests/ingestion/test_idempotency_and_failures.py,PARTIAL -- generic immutable EventLog implemented; the specific CEASE_OPERATIONS/hot-swap semantics are not (Sentinel Plane out of Step 3 scope)
